Id,Name,,Nat,Glider,Harnesses,Sponsor,Team,Club,Fed.,T 1,T 2,T 3,T 4,T 5,T 6,T 7,Total,
1,11963,RAFAEL DE MORAES BARROS,M,BRA,Niviuk XOne - Vermelha / preta / branca,Ozone Submarine,NIVIUK BRASIL / AIR 3,Niviuk Brasil,CVLG - CLUBE DE VOO LIVRE GAVIÃO,FPVL - FEDERAÇÃO PAULISTA DE VOO LIVRE,976.1,975.7,250.5/954.4,993.1,879.1,969.6,986.0,5151.0
2,2435,WASHINGTON PERUCHI,M,BRA,Niviuk XOne - Laranja,Ozone Submarine,ISY CONSTRUTORA,,CVLG - CLUBE DE VOO LIVRE GAVIÃO,FPVL - FEDERAÇÃO PAULISTA DE VOO LIVRE,550.0,197.6/834.9,984.8,991.1,997.6,975.2,984.1,5130.4
3,10136,RICHARD PETHIGAL,M,BRA,Ozone Enzo 3 - Verde/cinza,Ozone Submarine,"PAZ MUNDIAL, ALFA PILOT, FLOW",Equipe SC,LCVL - LAGOA CLUBE DE VOO LIVRE,FCVL - FEDERAÇÃO CATARINENSE DE VOO LIVRE,95.6,972.8,977.4,992.5,202.2/845.7,978.9,992.1,5115.9
4,14765,ERICO OLIVEIRA,M,BRA,Niviuk XOne - Amarelo,Ozone Submarine,ACTIONFLY RIO / NIVIUK BR / CSCVL,Niviuk Brasil,CSCVL - CLUBE SãO CONRADO DE VOO LIVRE,FVLERJ - FEDERAÇÃO DE VOO LIVRE DO ESTADO DO RIO DE JANEIRO,899.7,760.8,975.7,989.3,219.6/852.8,987.3,990.9,5062.5
5,5101,RONNIE KOERICH,M,BRA,Niviuk XOne - AZUL/PINK,Ozone Submarine,VORTEX PARAGLIDING / ROTORVARIO,Vortex Racing Team,CDC - CLUBE DA CORDILHEIRA,FVLP - FEDERAçãO DE VOO LIVRE DO PARANá,565.9,972.1,961.8,965.4,193.1/807.7,971.2,987.6,5051.2
6,26728,TULIO SUBIRA COUTINHO,M,BRA,Flow XCRacer 2 - vermelho,Ozone Submarine,FLOW PARAGLIDER / ADVENTURE PLANET/BOX911/JETHOLIC,Equipe Flow XcRacer 2,CLVL - CLUBE LEOPOLDINENSE DE VOO LIVRE,FMVL - FEDERAÇÃO MINEIRA DE VOO LIVRE,547.4,994.5,908.9,987.5,184.2/770.3,971.8,984.6,5031.5
7,68337,CLAUDINHO MATOS,M,BRA,Ozone Zeno 2 - Amarela com azul,Gin Genie Race 5,Brex,Cajus Cariocas,CSCVL - CLUBE SãO CONRADO DE VOO LIVRE,FVLERJ - FEDERAÇÃO DE VOO LIVRE DO ESTADO DO RIO DE JANEIRO,917.0,955.5,227.3/866.0,943.1,726.8,970.5,984.2,4997.6
8,10032,DEONIR SPANCERSKI,M,BRA,Niviuk XOne - Amarelo,Ozone Submarine,Eu mesmo,Vortex Racing Team,AVLNP - ASSOCIAÇAO DE VOO LIVRE NORTE DO PARANá,FVLP - FEDERAçãO DE VOO LIVRE DO PARANá,897.6,358.8,973.0,970.9,163.7/635.5,968.4,983.4,4957.0
9,5105,LUCIANO HORN,M,BRA,Ozone Enzo 3 - Lima e Cinza,Ozone Submarine,PRO ESPORTE RS / FAMILIA GEISSE / OZONE / AIR 3,Ozone,AGVL - ASSOCIAÇÃO GAÚCHA DE VOO LIVRE,FGVL - FEDERAÇÃO GAÚCHA DE VOO LIVRE,562.2,844.9,948.7,989.4,196.6/822.4,978.0,986.7,4944.3
10,10029,SÉRGIO HENRIQUE SAMPAIO,M,BRA,Niviuk XOne - Amarela,Ozone Submarine,Nenhum,,CSVL - CLUBE SANTARRITENSE DE VOO LIVRE,FPVL - FEDERAÇÃO PAULISTA DE VOO LIVRE,129.9/531.4,976.8,948.4,909.9,82.4,981.2,989.7,4935.9
11,39999,HILTON RONALD ALICE BENKE,M,BRA,Ozone Enzo 3 - Azul Laranja,Gin Genie Race 5,ALTAMONTANHA - LA SPORTIVA,Vortex Racing Team,AVLNP - ASSOCIAÇAO DE VOO LIVRE NORTE DO PARANá,FVLP - FEDERAçãO DE VOO LIVRE DO PARANá,539.7,808.3,984.7,982.8,193.0/807.1,974.4,988.7,4931.9
12,4729,MARTINHO RIBEIRO MORAIS,M,BRA,Niviuk XOne - Vermelho /branco,Ozone Submarine,ART CON BLOCOS/ILDEMARI TECIDOS,,CSMVL - CLUBE SUL MINEIRO DE VOO LIVRE,FMVL - FEDERAÇÃO MINEIRA DE VOO LIVRE,0.0,825.5,932.7,974.3,196.1/820.3,974.6,982.3,4885.5
13,418,MARCELO PRIETO,M,BRA,Ozone Enzo 3 - Branca e azul,Sol CX Max,SOL PARAGLIDERS / VENTO SUL,Ozone,GPC - GOIASES PARAPENTE CLUBE,FGVL - FEDERAÇÃO GOIANA DE VOO LIVRE,915.7,207.2/801.9,921.4,985.3,770.1,950.1,873.7,4853.4
14,18150,JARBAS MELLO,M,BRA,Ozone Enzo 3 - Blue/lime,Ozone Submarine,PRO ESPORTE RS / FAMILIA GEISSE / ART DRAW,Ozone,AGVL - ASSOCIAÇÃO GAÚCHA DE VOO LIVRE,FGVL - FEDERAÇÃO GAÚCHA DE VOO LIVRE,909.7,73.4/289.0,935.5,12.7,799.6,969.8,964.1,4652.1
15,4712,CRISTIANO RICCI DA SILVA,M,BRA,Ozone Enzo 3 - Azul,Ozone Submarine,PREFEITURA MUNICIPAL DE POçOS DE CALDAS,,CPVL - CLUBE POÇOS-CALDENSE DE VOO LIVRE,FMVL - FEDERAÇÃO MINEIRA DE VOO LIVRE,0.0,0.0,935.3,967.0,840.4,969.2,922.6,4634.5
16,29846,MARCELLA POMARICO UCHOA,F,BRA,Ozone Enzo 3 - Branco e roxo,Ozone Submarine,"Ozone, Soitic, Prefeitura de Poços de Caldas, Air3",,CPVL - CLUBE POÇOS-CALDENSE DE VOO LIVRE,FMVL - FEDERAÇÃO MINEIRA DE VOO LIVRE,969.2,966.8,921.2,769.2,56.8,950.1,57.0/222.0,4633.5
17,4714,MARCELO SILVA E MELO,M,BRA,Niviuk XOne - Azul e Verde,Ozone Submarine,YOUR CLIENT CAN SEE YOUR NAME HERE,Niviuk Brasil,CSCVL - CLUBE SãO CONRADO DE VOO LIVRE,FVLERJ - FEDERAÇÃO DE VOO LIVRE DO ESTADO DO RIO DE JANEIRO,0.0,0.0,880.4,976.7,803.7,904.5,989.2,4554.5
18,23359,EDUARDO VARGAS PEIRAO,M,BRA,Ozone Zeno 2 - Azul e amarelo,Sol Cx Max,"CK, LAMON, SANTA COSTA, AP1R",Equipe SC,APIR - ASSOCIAÇÃO DE PARAPENTE DE ITAJAÍ E REGIÃO,FCVL - FEDERAÇÃO CATARINENSE DE VOO LIVRE,131.2/544.1,339.9,899.6,706.4,774.2,948.6,908.4,4368.4
19,15570,DASANYHEV DE SOUZA CARDOSO,M,BRA,Ozone Zeno 2 - Amarelo,Woody Valley XR7,*,Capixaba Team,AVLAC - ASSOCIAÇÃO DE VOO LIVRE DE ALFREDO CHAVES,FCVL - FEDERAÇÃO CAPIXABA DE VOO LIVRE,876.2,787.9,137.3,936.6,52.4/199.1,963.8,743.4,4360.3
20,12414,TONY CESAR MENDES NEGREIROS,M,BRA,Niviuk XOne - Amarelo,Ozone Submarine,Mi,,CVLSL - CLUBE DE VOO LIVRE DE SÃO LOURENÇO,FMVL - FEDERAÇÃO MINEIRA DE VOO LIVRE,590.3,91.1/359.0,965.6,0.0,839.2,965.4,839.6,4291.2
21,12446,DOUGLAS DALLABONA,M,BRA,Niviuk XOne - PRETO,Gin Genie Race 4,WDF VENDAS - PSICÓLOGA FRANCIELLE HARTMANN - VORTEX PARAGLIDERS,Vortex Racing Team,TCVL - TIMBÓ CLUBE DE VOO LIVRE,FCVL - FEDERAÇÃO CATARINENSE DE VOO LIVRE,575.2,831.4,874.2,933.7,59.1/231.8,957.1,22.3,4230.7
22,14866,ELISA PEREIRA EISENLOHR,F,BRA,Ozone Enzo 3 - Amarela Limao,Gin Genie Race 2,no momento nenhum,Carcará,CSCVL - CLUBE SãO CONRADO DE VOO LIVRE,FVLERJ - FEDERAÇÃO DE VOO LIVRE DO ESTADO DO RIO DE JANEIRO,903.0,796.0,235.0,950.2,103.1/392.1,937.3,520.6,4210.2
23,17563,RODOLFO PASCOAL LADEIRA,M,BRA,Ozone Zeno 2 - Azul,Woody Valley XR7,CSCVL,Carcará,CSCVL - CLUBE SãO CONRADO DE VOO LIVRE,FVLERJ - FEDERAÇÃO DE VOO LIVRE DO ESTADO DO RIO DE JANEIRO,899.4,795.0,116.7/444.7,935.7,42.4,935.3,484.4,4166.5
24,4719,LUIZ CEZAR DIAS,M,BRA,"Niviuk XOne - Vermelho, branco e preto",Gin Genie Race 5,Pousada e Consultoria Eliana,Paranauê,CVLG - CLUBE DE VOO LIVRE GAVIÃO,FPVL - FEDERAÇÃO PAULISTA DE VOO LIVRE,205.3,739.8,635.7,952.4,53.4/223.4,947.2,837.1,4165.6
25,46030,MAICON DANIEL DE SOUZA CORREA,M,BRA,Gin Boomerang 12 - Cinza,Sol CX Max,PRO ESPORTE RS/ FAMÍLIA GEISSE / @EQUIPEAGVLPARAPENTE/ @PROFITACADEMIANH/@CARTELSUNGLASS,,AGVL - ASSOCIAÇÃO GAÚCHA DE VOO LIVRE,FGVL - FEDERAÇÃO GAÚCHA DE VOO LIVRE,561.0,90.7/358.9,799.4,972.5,801.0,936.4,58.9,4161.0
26,15239,ROGERIO FELIX,M,BRA,Flow XCRacer 2 - Azul,Sol CX Max,UV.LINE,Equipe Flow XcRacer 2,CAAVL - CLUBE ASAS DO ALADIM VOO LIVRE,FVLERJ - FEDERAÇÃO DE VOO LIVRE DO ESTADO DO RIO DE JANEIRO,803.4,96.0/368.2,14.5,933.2,408.6,978.6,904.7,4124.5
27,23545,WALTER OLIVEIRA,M,BRA,Niviuk XOne - Azul,Ozone Submarine,Volcanfly,Niviuk Brasil,CPVL - CLUBE POÇOS-CALDENSE DE VOO LIVRE,FMVL - FEDERAÇÃO MINEIRA DE VOO LIVRE,50.6/206.9,816.8,918.6,961.5,30.7,972.8,268.6,3988.9
28,51737,EMERSON AUGUSTO BUENO DE MIRANDA,M,BRA,Niviuk XOne - Azul,Ozone Submarine,K2 TRADING,,CSVL - CLUBE SANTARRITENSE DE VOO LIVRE,FPVL - FEDERAÇÃO PAULISTA DE VOO LIVRE,23.2/97.1,116.5,884.1,964.0,879.6,969.1,14.6,3836.5
29,52223,LUCAS BECKER AXELRUD,M,BRA,Ozone Zeno 2 - Amarelo,Kortel Kanibal Race 2,Pro Esporte / Família Geisse,,AGVL - ASSOCIAÇÃO GAÚCHA DE VOO LIVRE,FGVL - FEDERAÇÃO GAÚCHA DE VOO LIVRE,492.5,277.1,449.8,957.4,98.2/381.3,971.8,819.3,3789.0
30,54173,LOURIVAL FERREIRA DA SILVA FILHO,M,BRA,Ozone Zeno 2 - Verde/vemelho,Woody Valley XR7,Ventos do Cerrado Escola de Voo Livre,Termal Fly,AVLB - ASSOCIAÇÃO DE VOO LIVRE DE BRASÍLIA,FGVL - FEDERAÇÃO GOIANA DE VOO LIVRE,513.2,387.7,718.3,935.6,668.5,124.5/498.3,825.0,3785.1
31,18437,VALTER POSTALI,M,BRA,Ozone Zeno 2 - Lima - Preto,Ozone Exoceat,Clínica Cirurgia Vascular Postali,,AGVL - ASSOCIAÇÃO GAÚCHA DE VOO LIVRE,FGVL - FEDERAÇÃO GAÚCHA DE VOO LIVRE,880.0,313.3,19.8/77.2,933.0,638.1,954.3,36.7,3738.5
32,36345,WELLINGTON SANTOS DE OLIVEIRA,M,BRA,Flow XCRacer 2 - Azul/preto/rosa,Gin Genie Race,RAPHAEL VILLELA,,CVLJ - CLUBE DE VOO LIVRE DE JAPERI,FVLERJ - FEDERAÇÃO DE VOO LIVRE DO ESTADO DO RIO DE JANEIRO,0.0,0.0,376.3,917.1,632.3,916.6,824.6,3666.9
33,65653,ARTHUR GRANDINI RODELLA,M,BRA,Flow XCRacer 2 - Azul,Sol CX-MAX,VENTO NORTE PARAGLIDERS,Equipe Flow XcRacer 2,CVLVN - CLUBE DE VOO LIVRE VENTO NORTE,FVLP - FEDERAçãO DE VOO LIVRE DO PARANá,140.3,75.8/320.0,799.4,979.1,381.1,485.1,820.6,3541.1
34,81213,PAULO ROBERTO GAZANIGA MELO,M,BRA,Ozone Photon - Lima,Sol CX Max,>> APIR <<,Equipe SC,APIR - ASSOCIAÇÃO DE PARAPENTE DE ITAJAÍ E REGIÃO,FCVL - FEDERAÇÃO CATARINENSE DE VOO LIVRE,0.0,0.0,659.8,705.1,403.5,845.0,925.3,3538.7
35,12463,EVANDRO LUIS PAULI,M,BRA,Ozone Zeno 2 - Azul,Sol CX Max,.,Termal Fly,CPVL - CLUBE PATROCINENSE DE VOO LIVRE,FMVL - FEDERAÇÃO MINEIRA DE VOO LIVRE,43.7/182.9,328.9,813.5,782.5,636.1,910.9,14.6,3515.6
36,79866,GABRIEL JANSEN RABELLO,M,BRA,Ozone Enzo 3 - Laranja,Wood Valey Race,Ozone/Alta Montanha/ Casa de Pedra,,ACVL - ANHANGAVA CLUBE VOO LIVRE,FVLP - FEDERAçãO DE VOO LIVRE DO PARANá,0.0,0.0,929.6,938.9,480.3,900.0,264.5,3513.3
37,39108,RICARDO LUIZ MORITZ,M,BRA,Ozone Enzo 3 - Cinza lima,Ozone Submarine,,Equipe SC,LCVL - LAGOA CLUBE DE VOO LIVRE,FCVL - FEDERAÇÃO CATARINENSE DE VOO LIVRE,627.3,792.6,520.7,942.5,483.8,0.0,0.0,3366.9
38,21726,MARCELO DA CUNHA CARVALHO,M,BRA,Niviuk Peak 6 - Verde,Woody Valley XR7,Marimar,Carcará,AIVL - ASSOCIAÇÃO ITAOCARENSE DE VOO LIVRE,FVLERJ - FEDERAÇÃO DE VOO LIVRE DO ESTADO DO RIO DE JANEIRO,408.6,510.0,91.5/356.1,936.1,489.9,929.1,0.0,3365.2
39,77274,DIONISIO CORDEIRO,M,BRA,Ozone Zeno 2 - Verde e preto,Sol CX Max,VIDRAçARIA DINâMICA,,ACVL - ANHANGAVA CLUBE VOO LIVRE,FVLP - FEDERAçãO DE VOO LIVRE DO PARANá,0.0,0.0,430.9,947.9,384.8,847.9,725.4,3336.9
40,2370,GETULIO DE CARVALHO FILHO,M,BRA,Ozone Zeno 2 - Amarelo vermelho,Gin Genie Race 4,CVLBH,Fumaça Deitada,CVLBH - CLUBE DE VOO LIVRE BELO HORIZONTE,FMVL - FEDERAÇÃO MINEIRA DE VOO LIVRE,595.6,200.2,478.2,945.7,30.4/119.0,896.1,24.5,3146.2
41,78789,TIAGO RODRIGUES PEREIRA,M,BRA,Ozone Zeno 2 - Vermelho preto verde,Gin Genie Race 5,EU MESMO,Fumaça Deitada,CVLBH - CLUBE DE VOO LIVRE BELO HORIZONTE,FMVL - FEDERAÇÃO MINEIRA DE VOO LIVRE,0.0,0.0,644.8,936.6,398.9,972.4,174.0,3126.7
42,29840,THIAGO ELLER,M,BRA,Ozone Zeno 2 - Azul,Woody Valley XR7,Eu,Carcará,AIVL - ASSOCIAÇÃO ITAOCARENSE DE VOO LIVRE,FVLERJ - FEDERAÇÃO DE VOO LIVRE DO ESTADO DO RIO DE JANEIRO,0.0,0.0,647.7,959.8,485.5,899.1,0.0,2992.1
43,12591,SAMUEL NASCIMENTO,M,BRA,Ozone Enzo 3 - Lime,Sol CX Max,SOLSPORTS/CHOPP PALAZZO/PILOTO SAFO,Ozone,CAVL - CLUBE ARAXAENSE DE VOO LIVRE,FMVL - FEDERAÇÃO MINEIRA DE VOO LIVRE,953.7,870.1,1000.0,149.5,0.0,0.0,0.0,2973.3
44,26434,LUIZ IRENO DE ASSUMPCAO FILHO,M,BRA,Niviuk XOne - Azul,Woody Valley XR7,São ConradoS,,CSCVL - CLUBE SãO CONRADO DE VOO LIVRE,FVLERJ - FEDERAÇÃO DE VOO LIVRE DO ESTADO DO RIO DE JANEIRO,0.0,0.0,141.3,762.4,634.8,916.3,515.8,2970.6
45,17736,FALKO FELIX FISCHER,M,BRA,Gin Leopard - Vermelho Vinho Branco,Ava Sport Tanto Race,Eu,Termal Fly,AVLSC - ASSOCIAÇÃO DE VOO LIVRE DO SERTÃO CENTRAL,FEPACE - FEDERAÇÃO DE PARAPENTE E ASA DELTA DO CEARÁ,171.2,344.8,834.8,295.3,52.3/218.7,926.3,433.9,2887.4
46,60087,DUANNY DE OLIVEIRA SILVA,M,BRA,"Flow XCRacer - Verde Limão, Azul e Preto",Gin Genie Race 4,"@ventosdocerrado Escola de Voo livre, UP multimarcas",Termal Fly,AVLB - ASSOCIAÇÃO DE VOO LIVRE DE BRASÍLIA,FGVL - FEDERAÇÃO GOIANA DE VOO LIVRE,161.9,30.4/119.9,397.0,0.0,681.9,830.7,757.6,2859.5
47,15192,THOMAS MILKO,M,BRA,Gin Boomerang 12 - Turquesa,Kortel Kanibal Race 2,Eu mesmo,,CVLG - CLUBE DE VOO LIVRE GAVIÃO,FPVL - FEDERAÇÃO PAULISTA DE VOO LIVRE,913.6,963.2,38.9,780.0,82.4,0.0,0.0,2778.1
48,54961,MARCOS HENRIQUE DIAS DO NASCIMENTO,M,BRA,Flow XCRacer 2 - Vermelho amarelo,Sol CX Max,Voos de parapente Rio,Cajus Cariocas,CRBVL - CLUBE RIO BONITO DE VOO LIVRE,FVLERJ - FEDERAÇÃO DE VOO LIVRE DO ESTADO DO RIO DE JANEIRO,31.8/133.3,703.0,445.7,513.1,207.8,795.8,34.8,2697.2
49,2367,SERGIO ROBERTO FURTADO,M,BRA,Niviuk XOne - Azul,Gin Genie Race 5,SOL,Equipe SC,LCVL - LAGOA CLUBE DE VOO LIVRE,FCVL - FEDERAÇÃO CATARINENSE DE VOO LIVRE,543.6,440.6,506.4,198.1,30.6/122.1,15.4,892.3,2611.6
50,3031,MAURO ALESSANDRO DA SILVEIRA ARRUDA,M,BRA,Ozone Enzo 3 - Verde amarelo branco,Woody Valley XR7,ELETRO TERRA ENGENHARIA DE AUTOMAÇÃO,,CVLBH - CLUBE DE VOO LIVRE BELO HORIZONTE,FMVL - FEDERAÇÃO MINEIRA DE VOO LIVRE,886.9,827.8,885.4,0.0,0.0,0.0,0.0,2600.1
51,5115,FABRICIO DECKER SCHMITZ,M,BRA,Flow XCRacer - azul e preto,Kortel Kanibal Race 2,....,Carcará,CSCVL - CLUBE SãO CONRADO DE VOO LIVRE,FVLERJ - FEDERAÇÃO DE VOO LIVRE DO ESTADO DO RIO DE JANEIRO,0.0,0.0,686.7,859.9,232.4,775.2,30.1,2584.3
52,39754,SAMUEL MILANI PEREIRA,M,BRA,Ozone Enzo 3 - Azul e preto,Gin Genie Race 5,Z-Nine,Fumaça Deitada,CGS - CLUBE GAVIÕES DA SERRA,FMVL - FEDERAÇÃO MINEIRA DE VOO LIVRE,880.6,489.4,913.0,12.7,0.0,0.0,0.0,2295.7
53,63238,BRUNO RODRIGUES SILVA,M,BRA,Flow XCRacer 2 - Verde Lima,Ozone Submarine,MC Auto Peças / Prefeitura de Ipatinga-MG,Equipe Flow XcRacer 2,AVLVA - ASSOCIAÇÂO DE VOO LIVRE VALE DO AÇO,FMVL - FEDERAÇÃO MINEIRA DE VOO LIVRE,242.4,227.5,3.7/14.5,928.9,30.7,797.5,0.0,2230.7
54,23678,LUCILEI DAL POZZO,M,BRA,Ozone Enzo 3 - Azul branco e fucsia,Ozone Submarine,PRO ESPORTE RS / FAMILIA GEISSE,Ozone,AGVL - ASSOCIAÇÃO GAÚCHA DE VOO LIVRE,FGVL - FEDERAÇÃO GAÚCHA DE VOO LIVRE,891.2,358.5,931.9,0.0,0.0,0.0,0.0,2181.6
55,52950,PABLO VIEIRA TOMÁS,M,BRA,Ozone Enzo 3 - vermelho e amarelo,Sol CX Max,ÁREA VERDE,Termal Fly,APPSC - ASSOCIAÇÃO DOS PILOTOS DE PARAPENTE DAS SERRAS DO CAPARAÓ,FMVL - FEDERAÇÃO MINEIRA DE VOO LIVRE,565.4,434.4,190.5,804.9,30.7,0.0,0.0,2025.9
56,125,RAFAEL SALADINI,M,BRA,Ozone Enzo 3 - Azul,,Ozone Paragliders | CSCVL,Ozone,CSCVL - CLUBE SãO CONRADO DE VOO LIVRE,FVLERJ - FEDERAÇÃO DE VOO LIVRE DO ESTADO DO RIO DE JANEIRO,971.4,967.3,0.0,0.0,0.0,0.0,0.0,1938.7
57,51115,JOSE GERONIMO COIMBRA JUNIOR,M,BRA,Ozone Enzo 3 - Azul/Cinza,Gin Genie Race 5,GRUPO GOMES - ITABIRA MG,Fumaça Deitada,AIP - ASSOCIAÇÃO ITABIRANA DE PARAPENTE,FMVL - FEDERAÇÃO MINEIRA DE VOO LIVRE,498.5,133.4,106.7,928.9,116.6,22.8/92.0,0.0,1806.9
58,2427,LUCIANO BENDER TCACENCO,M,BRA,Gin Boomerang 12 - laranja,Gin Genie Race 5,"FIESPORTE,ORGANIQUE, 3EJA, GIN",Coringas,CVLNA - CLUBE DE VOO LIVRE NINHO DAS AGUIAS,FGVL - FEDERAÇÃO GAÚCHA DE VOO LIVRE,918.2,824.4,29.9,0.0,0.0,0.0,0.0,1772.5
59,22523,HELTON MACHADO KRAUS,M,BRA,Ozone Zeno 2 - Verde,,,Equipe SC,LCVL - LAGOA CLUBE DE VOO LIVRE,FCVL - FEDERAÇÃO CATARINENSE DE VOO LIVRE,883.0,805.9,0.0,0.0,0.0,0.0,0.0,1688.9
60,3013,RAFAEL ELEODORO DE GOES,M,BRA,Ozone Zeno 2 - Vermelho & amarelo,,UTFPR.EDU.BR,Paranauê,CDC - CLUBE DA CORDILHEIRA,FVLP - FEDERAçãO DE VOO LIVRE DO PARANá,875.4,753.5,0.0,0.0,0.0,0.0,0.0,1628.9
61,70121,VINICIUS BIANCHI MALACARNE,M,BRA,Ozone Zeno 2 - Azul,,DGRANOI TRANSPORTES,Capixaba Team,AVLBG - ASSOCIACAO DE VOO LIVRE DE BAIXO GUANDU,FCVL - FEDERAÇÃO CAPIXABA DE VOO LIVRE,893.6,724.3,0.0,0.0,0.0,0.0,0.0,1617.9
62,40116,CAIO BUZZARELLO,M,BRA,Ozone Enzo 3 - Verde e azul,,Ozone Paragliders,Ozone,JCVL - JARAGUÁ CLUBE DE VOO LIVRE,FCVL - FEDERAÇÃO CATARINENSE DE VOO LIVRE,566.7,984.9,0.0,0.0,0.0,0.0,0.0,1551.6
63,3050,FLAVIO LYSZKOWSKI PINHEIRO,M,BRA,Ozone Zeno 2 - Vermelho detalhe amarelo,Advance Impress 4,FAMíLIA GEISSE / PRó ESPORTE RS,,AGVL - ASSOCIAÇÃO GAÚCHA DE VOO LIVRE,FGVL - FEDERAÇÃO GAÚCHA DE VOO LIVRE,595.9,287.4,648.0,0.0,0.0,0.0,0.0,1531.3
64,497,MOKA MOISES SODRE,M,BRA,Gin Boomerang 12 - Blue/ white,,DEUS & EU,,AVLI - ASSOCIAÇÃO DE VOO LIVRE IBITURUNA,FMVL - FEDERAÇÃO MINEIRA DE VOO LIVRE,561.3,967.4,0.0,0.0,0.0,0.0,0.0,1528.7
65,25503,MARCO ANDRE BRUXEL,M,BRA,Ozone Zeno 2 - Azul,Woody Valley XR7,MARCO BRUXEL,,AVTVL - ASSOCIAÇÃO VALE DO TAQUARI DE VOO LIVRE,FGVL - FEDERAÇÃO GAÚCHA DE VOO LIVRE,870.7,283.8,371.2,0.0,0.0,0.0,0.0,1525.7
66,2371,ROGERIO HONORATO TONOLLI,M,BRA,Ozone Zeno 2 - Verde,Woody Valley XR7,WWW.SAOBERNARDO.TUR.BR,,TCVL - TIMBÓ CLUBE DE VOO LIVRE,FCVL - FEDERAÇÃO CATARINENSE DE VOO LIVRE,0.0,0.0,382.1,161.4,106.0,827.2,24.4,1501.1
67,3047,JOSE LUIS SUDBRACK GUIMARAES,M,BRA,Ozone Enzo 3 - Roxo e Azul,SOL CXMAX,QUEM COMPRA COMIGO,Coringas,LCVL - LAGOA CLUBE DE VOO LIVRE,FCVL - FEDERAÇÃO CATARINENSE DE VOO LIVRE,569.9,0.0,926.9,0.0,0.0,0.0,0.0,1496.8
68,31429,VAGNER CAMPOS ALVES DOS SANTOS,M,BRA,BGD Diva 2 - Vermelho azul,,BGD PARAGLIDERS | WOW SPORTS | FULL SPEED BRASIL,,AVLPA - ASSOCIAÇÃO DE VOO LIVRE DO PICO AGUDO,FPVL - FEDERAÇÃO PAULISTA DE VOO LIVRE,0.0,0.0,14.5,164.1,716.9,502.8,0.0,1398.3
69,33256,CLEITON DA SILVA DAVID,M,BRA,Niviuk XOne - Azul e branco,,PETISCO CARIOCA/ ITS SUCOS ENERGÉTICOS,,CAAVL - CLUBE ASAS DO ALADIM VOO LIVRE,FVLERJ - FEDERAÇÃO DE VOO LIVRE DO ESTADO DO RIO DE JANEIRO,563.8,798.8,0.0,0.0,0.0,0.0,0.0,1362.6
70,72354,LUCAS MELO VASCONCELOS,M,BRA,Ozone Zeno 2 - Azul Preto,Gin Genie Race 4,Préacro team,,CVLBH - CLUBE DE VOO LIVRE BELO HORIZONTE,FMVL - FEDERAÇÃO MINEIRA DE VOO LIVRE,0.0,0.0,194.5,218.2,175.8,723.4,28.8,1340.7
71,32799,MAYCON DE SOUZA DOS SANTOS,M,BRA,Ozone Enzo 3 - Azul laranja,,Mayconvoolivre,Vortex Racing Team,APVIR - ASSOC. PARAPENTE DO VALE ITAJAÍ E REGIÃO,FCVL - FEDERAÇÃO CATARINENSE DE VOO LIVRE,573.7,760.4,0.0,0.0,0.0,0.0,0.0,1334.1
72,66664,SILAS BARROS MOREIRA,M,BRA,Ozone Zeno 2 - AZUL/LARANJA,,Eu,Capixaba Team,XCNOROESTE - ASSOCIAÇÃO DE VOO LIVRE XCNOROESTE,FCVL - FEDERAÇÃO CAPIXABA DE VOO LIVRE,890.3,436.4,0.0,0.0,0.0,0.0,0.0,1326.7
73,2352,MARCIO PINTO,M,BRA,Flow XCRacer 2 - Laranja/preto/vermelho,,BODY FOR SURE,,CSCVL - CLUBE SãO CONRADO DE VOO LIVRE,FVLERJ - FEDERAÇÃO DE VOO LIVRE DO ESTADO DO RIO DE JANEIRO,478.2,791.3,0.0,0.0,0.0,0.0,0.0,1269.5
74,12752,FILIPE MARQUES,M,BRA,Ozone Enzo 3 - Laranja e cinza,,MAHI MAHI POKE,Capixaba Team,ACVL - ASSOCIAÇÃO CAPIXABA DE VOO LIVRE,FCVL - FEDERAÇÃO CAPIXABA DE VOO LIVRE,893.1,315.6,0.0,0.0,0.0,0.0,0.0,1208.7
75,2356,ALEXANDRE DIO GERMANI,M,BRA,Niviuk XOne - Azul e branco,,NIVIUK BRASIL | INNOVA AATB,Niviuk Brasil,CVLG - CLUBE DE VOO LIVRE GAVIÃO,FPVL - FEDERAÇÃO PAULISTA DE VOO LIVRE,353.1,845.5,0.0,0.0,0.0,0.0,0.0,1198.6
76,14674,EDSON ZARDO,M,BRA,Niviuk XOne - Verde-amarelo,,ZARDO,Paranauê,CPVL - CLUBE POÇOS-CALDENSE DE VOO LIVRE,FMVL - FEDERAÇÃO MINEIRA DE VOO LIVRE,891.5,259.7,0.0,0.0,0.0,0.0,0.0,1151.2
77,24500,HELENO GONTIJO DE SOUSA,M,BRA,Flow XCRacer 2 - Azul,Woody Valley XR7,Z-nine,Equipe Flow XcRacer 2,CGS - CLUBE GAVIÕES DA SERRA,FMVL - FEDERAÇÃO MINEIRA DE VOO LIVRE,0.0,0.0,375.0,737.4,0.0,0.0,0.0,1112.4
78,49172,RODRIGO PIZZOL VENTORIM,M,BRA,Ozone Zeno 2 - Amarelo,,Venagran - Venda Nova Granitos,X-Vario,TERMAL - ASSOCIAÇÃO DE VOO LIVRE TERMAL,FCVL - FEDERAÇÃO CAPIXABA DE VOO LIVRE,877.3,220.2,0.0,0.0,0.0,0.0,0.0,1097.5
79,22971,DANIEL CARAM,M,BRA,Ozone Zeno 2 - Vermelho,,DAKK,Fumaça Deitada,CVLBH - CLUBE DE VOO LIVRE BELO HORIZONTE,FMVL - FEDERAÇÃO MINEIRA DE VOO LIVRE,876.1,220.7,0.0,0.0,0.0,0.0,0.0,1096.8
80,23539,RENY MORAES DA SILVA FILHO,M,BRA,Sol LT2 - Azul,,Sem Patrocínio,Fumaça Deitada,CVLBH - CLUBE DE VOO LIVRE BELO HORIZONTE,FMVL - FEDERAÇÃO MINEIRA DE VOO LIVRE,875.7,218.9,0.0,0.0,0.0,0.0,0.0,1094.6
81,3428,MARINA OLEXINA,F,BRA,Ozone Zeno 2 - Blue,,,,AVLAC - ASSOCIAÇÃO DE VOO LIVRE DE ALFREDO CHAVES,FCVL - FEDERAÇÃO CAPIXABA DE VOO LIVRE,877.3,216.5,0.0,0.0,0.0,0.0,0.0,1093.8
82,49377,MARCOS CAMARGO ZENI,M,BRA,Gin Leopard - Vermelho e Branco,Woody Valley XR7,LOLLA SORVETES,,JCVL - JARAGUÁ CLUBE DE VOO LIVRE,FCVL - FEDERAÇÃO CATARINENSE DE VOO LIVRE,121.7,106.5,842.4,0.0,0.0,0.0,0.0,1070.6
83,32345,MARIO DE QUEIROZ MONTEIRO,M,BRA,Niviuk XOne - Azul laranja,,Nenhum,Niviuk Brasil,COVL - CLUBE OCEÂNICO DE VOO LIVRE,FVLERJ - FEDERAÇÃO DE VOO LIVRE DO ESTADO DO RIO DE JANEIRO,559.2,489.5,0.0,0.0,0.0,0.0,0.0,1048.7
84,72751,PHIL HAEGLER,M,BRA,Ozone Zeno 2 - Verde,,,,CSCVL - CLUBE SãO CONRADO DE VOO LIVRE,FVLERJ - FEDERAÇÃO DE VOO LIVRE DO ESTADO DO RIO DE JANEIRO,174.0,827.3,0.0,0.0,0.0,0.0,0.0,1001.3
85,77709,ANDRE MASSAO OKANO,M,BRA,Ozone Enzo 3 - Rosa e verde,Gin Genie Race 5,OKANO S/A,,CSPVL - CLUBE SÃO PEDRO DE VOO LIVRE,FPVL - FEDERAÇÃO PAULISTA DE VOO LIVRE,0.0,0.0,0.0,0.0,30.7,895.9,0.0,926.6
86,13912,ALEX VAN DER PUT,M,BRA,Ozone Enzo 3 - Amarelo e vermelho,,,,CVLSL - CLUBE DE VOO LIVRE DE SÃO LOURENÇO,FMVL - FEDERAÇÃO MINEIRA DE VOO LIVRE,564.4,353.9,0.0,0.0,0.0,0.0,0.0,918.3
87,40389,RONY PAYER CARMINATI,M,BRA,"Ozone Zeno 2 - Azul, Amarelo e Laranja",,PARAPENTE NORTE CAPIXABA,X-Vario,XCNOROESTE - ASSOCIAÇÃO DE VOO LIVRE XCNOROESTE,FCVL - FEDERAÇÃO CAPIXABA DE VOO LIVRE,577.8,339.1,0.0,0.0,0.0,0.0,0.0,916.9
88,44099,THIAGO CANDIOGO DE MENDONCA,M,BRA,Flow XCRacer 2 - Vermelha,,,,CSCVL - CLUBE SãO CONRADO DE VOO LIVRE,FVLERJ - FEDERAÇÃO DE VOO LIVRE DO ESTADO DO RIO DE JANEIRO,444.6,436.4,0.0,0.0,0.0,0.0,0.0,881.0
89,14813,ALEXANDRE VIEIRA MALCHER,M,BRA,Ozone Enzo 3 - amarelo e azul,,Fazenda Malcher,Cajus Cariocas,AVLSC - ASSOCIAÇÃO DE VOO LIVRE DE SAMPAIO CORREIA,FVLERJ - FEDERAÇÃO DE VOO LIVRE DO ESTADO DO RIO DE JANEIRO,408.1,469.8,0.0,0.0,0.0,0.0,0.0,877.9
90,36433,ENDERSON MOREIRA DO NASCIMENTO,M,BRA,Ozone Enzo 3 - Vermelho/amarelo,,,,AVLI - ASSOCIAÇÃO DE VOO LIVRE IBITURUNA,FMVL - FEDERAÇÃO MINEIRA DE VOO LIVRE,131.5,744.6,0.0,0.0,0.0,0.0,0.0,876.1
91,20171,GABRIEL SERAPHIM,M,BRA,Flow XCRacer 2 - vermelho,,,Centro Oeste Fly,AVLB - ASSOCIAÇÃO DE VOO LIVRE DE BRASÍLIA,FGVL - FEDERAÇÃO GOIANA DE VOO LIVRE,549.5,292.8,0.0,0.0,0.0,0.0,0.0,842.3
92,9028,GILBERTO RAPOSO,M,BRA,Ozone Enzo 3 - Verde e azul,,XXX,,CVLG - CLUBE DE VOO LIVRE GAVIÃO,FPVL - FEDERAÇÃO PAULISTA DE VOO LIVRE,535.1,298.6,0.0,0.0,0.0,0.0,0.0,833.7
93,16801,DANIEL GEISSE,M,BRA,Ozone Zeno 2 - Azul,,GEISSE,,AVTVL - ASSOCIAÇÃO VALE DO TAQUARI DE VOO LIVRE,FGVL - FEDERAÇÃO GAÚCHA DE VOO LIVRE,81.9,738.2,0.0,0.0,0.0,0.0,0.0,820.1
94,18379,VANTUIL MATAVELI VIEIRA,M,BRA,Ozone Zeno 2 - AZUL,,X-VARIO - FLIGHT INSTRUMENT,X-Vario,AVLP - ASSOCIAçãO DE VOO LIVRE DE PANCAS,FCVL - FEDERAÇÃO CAPIXABA DE VOO LIVRE,498.0,321.0,0.0,0.0,0.0,0.0,0.0,819.0
95,71106,THIAGO CELLIN AZEVEDO,M,BRA,Ozone Zeno 2 - Azul,,,X-Vario,TERMAL - ASSOCIAÇÃO DE VOO LIVRE TERMAL,FCVL - FEDERAÇÃO CAPIXABA DE VOO LIVRE,489.6,325.4,0.0,0.0,0.0,0.0,0.0,815.0
96,30626,JOAO PEDRO DE SOUZA SIMONSEN,M,BRA,Ozone Zeno 2 - Branco e vermelho,,Corinthians,,CAVL - CLUBE ATIBAIENSE DE VOO LIVRE,FPVL - FEDERAÇÃO PAULISTA DE VOO LIVRE,137.2,673.2,0.0,0.0,0.0,0.0,0.0,810.4
97,18662,ROLAND ZGRAGGEN,M,BRA,Ozone Zeno 2 - VERDE VERMELHO,,HOTEL - POUSADA SOL & LUA PARACURU / CE,,AVLSC - ASSOCIAÇÃO DE VOO LIVRE DO SERTÃO CENTRAL,FEPACE - FEDERAÇÃO DE PARAPENTE E ASA DELTA DO CEARÁ,354.9,447.9,0.0,0.0,0.0,0.0,0.0,802.8
98,63412,PRISCILA MOREIRA MALDONADO,F,BRA,Niviuk Artik Race - VERDE,,,,CSCVL - CLUBE SãO CONRADO DE VOO LIVRE,FVLERJ - FEDERAÇÃO DE VOO LIVRE DO ESTADO DO RIO DE JANEIRO,481.6,216.7,0.0,0.0,0.0,0.0,0.0,698.3
99,23274,MAURO AUGUSTO CABERLON - TYTTO,M,BRA,Ozone Zeno 2 - Preto lima,,OZONE BR,,CSGVL - CLUBE SERRA GRANDE DE VOO LIVRE,FGVL - FEDERAÇÃO GAÚCHA DE VOO LIVRE,129.4,564.6,0.0,0.0,0.0,0.0,0.0,694.0
100,3032,GILMAR DE JESUS COUTO,M,BRA,Ozone Enzo 3 - Azul e amarelo,,POUSADA PICO DO GAVIÃO,,CVLG - CLUBE DE VOO LIVRE GAVIÃO,FPVL - FEDERAÇÃO PAULISTA DE VOO LIVRE,502.1,149.0,0.0,0.0,0.0,0.0,0.0,651.1
101,7117,MAURICIO GRUMARI,M,BRA,Niviuk XOne - preto,,cscvl peak.co,,CSCVL - CLUBE SãO CONRADO DE VOO LIVRE,FVLERJ - FEDERAÇÃO DE VOO LIVRE DO ESTADO DO RIO DE JANEIRO,171.2,464.4,0.0,0.0,0.0,0.0,0.0,635.6
102,14805,DANIEL LIMA DE OLIVEIRA,M,BRA,Ozone Enzo 3 - AZUL / LARANJA,,RENOVA AMBIENTAL,Coringas,APVIR - ASSOC. PARAPENTE DO VALE ITAJAÍ E REGIÃO,FCVL - FEDERAÇÃO CATARINENSE DE VOO LIVRE,134.7,500.2,0.0,0.0,0.0,0.0,0.0,634.9
103,71933,GUSTAVO HENRIQUE GUENO,M,BRA,Niviuk Artik Race - Azul / Branco / Laranja,Gin Genie Race 4,VORTEX PARAGLIDING,,CVLMP - CLUBE DE VOO LIVRE MORRO DA PALHA,FVLP - FEDERAçãO DE VOO LIVRE DO PARANá,0.0,0.0,545.9,0.0,0.0,0.0,0.0,545.9
104,306,FRANK BROWN,M,BRA,Gin Boomerang 12 - Verde,,"Realcafe Reserva, Gin GLIDERS, Xvario , Lands, Barba Ruiva",,ACVL - ASSOCIAÇÃO CAPIXABA DE VOO LIVRE,FCVL - FEDERAÇÃO CAPIXABA DE VOO LIVRE,182.2,314.7,0.0,0.0,0.0,0.0,0.0,496.9
105,12617,MARCELO WICKERT,M,BRA,Ozone Zeno 2 - verde,,CTF,Coringas,AVTVL - ASSOCIAÇÃO VALE DO TAQUARI DE VOO LIVRE,FGVL - FEDERAÇÃO GAÚCHA DE VOO LIVRE,117.6,376.8,0.0,0.0,0.0,0.0,0.0,494.4
106,48414,MANOEL CANDIDO ALVES JUNIOR,M,BRA,Ozone Enzo 3 - Amarelo e vermelho,,PREFEITURA MUNICIPAL DE ALEGRE,Capixaba Team,TERMAL - ASSOCIAÇÃO DE VOO LIVRE TERMAL,FCVL - FEDERAÇÃO CAPIXABA DE VOO LIVRE,118.9,331.5,0.0,0.0,0.0,0.0,0.0,450.4
107,24714,ANGELO SANTOS,M,BRA,Ozone Zeno - Verde / Branco,,@oticasparissul e @materiaprimaportao,,AGVL - ASSOCIAÇÃO GAÚCHA DE VOO LIVRE,FGVL - FEDERAÇÃO GAÚCHA DE VOO LIVRE,83.9,353.6,0.0,0.0,0.0,0.0,0.0,437.5
108,6001,CARLOS NIEMEYER,M,BRA,Niviuk XOne - Amarelo,,AEROS,,CSCVL - CLUBE SãO CONRADO DE VOO LIVRE,FVLERJ - FEDERAÇÃO DE VOO LIVRE DO ESTADO DO RIO DE JANEIRO,201.8,71.1,0.0,0.0,0.0,0.0,0.0,272.9
109,70607,LUCIA DE SOUSA MORAES MORGADO,F,BRA,Macpara Verve - Verde a branco,Kortel Kanibal Race 2,Base da Nuvem,Fumaça Deitada,CVLBH - CLUBE DE VOO LIVRE BELO HORIZONTE,FMVL - FEDERAÇÃO MINEIRA DE VOO LIVRE,0.0,0.0,266.7,0.0,0.0,0.0,0.0,266.7
110,78283,HEITOR GRANDINI RODELLA,M,BRA,Niviuk Artik Race - Verde / Vermelho,,FLYMONSTER / SELETE DAS GERAIS,Fumaça Deitada,CVLBH - CLUBE DE VOO LIVRE BELO HORIZONTE,FMVL - FEDERAÇÃO MINEIRA DE VOO LIVRE,111.8,150.4,0.0,0.0,0.0,0.0,0.0,262.2
111,920,ANDRE LUIZ PEREIRA E SOUZA,M,BRA,Ozone Enzo 3 - Amarelo e vermelha,,ADVENTURE PLANET / FLOW PARAGLIDERS,Cajus Cariocas,ACVL - ASSOCIAÇÃO CAPIXABA DE VOO LIVRE,FCVL - FEDERAÇÃO CAPIXABA DE VOO LIVRE,218.6,36.0,0.0,0.0,0.0,0.0,0.0,254.6
112,3015,BRUNO MENESCAL,M,BRA,Niviuk Evox - Verde/ preto,,DUDEK,,CSCVL - CLUBE SãO CONRADO DE VOO LIVRE,FVLERJ - FEDERAÇÃO DE VOO LIVRE DO ESTADO DO RIO DE JANEIRO,67.6,169.2,0.0,0.0,0.0,0.0,0.0,236.8
113,12512,RODRIGO MELLO ADAME,M,BRA,Advance Iota 2 - AZUL,Supair Delight 3,MIRANTE VOO LIVRE NOVA FRIBURGO,,AIVL - ASSOCIAÇÃO ITAOCARENSE DE VOO LIVRE,FVLERJ - FEDERAÇÃO DE VOO LIVRE DO ESTADO DO RIO DE JANEIRO,0.0,0.0,70.5,0.0,30.7,116.9,0.0,218.1
114,52371,THIAGO DUARTE DE BRITO,M,BRA,Niviuk XOne - Azul / Verde,Ozone Submarine,Engelpa,,AVLLP - ASSOCIAÇÃO DE VOO LIVRE DO LITORAL PAULISTA,FPVL - FEDERAÇÃO PAULISTA DE VOO LIVRE,105.7,36.0,0.0,0.0,0.0,0.0,0.0,141.7
115,76037,FLAVIO DE SOUZA PINTOR,M,BRA,Flow Fusion - Laranja,Gin Genie Race 4,ADVENTURE PLANET,,APVL - ASSOCIACAO PARAISO DO VOO LIVRE,FVLERJ - FEDERAÇÃO DE VOO LIVRE DO ESTADO DO RIO DE JANEIRO,0.0,0.0,14.5,76.0,0.0,0.0,0.0,90.5
116,74602,BELMOR LUIZ BATISTA DA SILVA,M,BRA,Sol LT2 - Azul e branco,,Vortex,,CVLMP - CLUBE DE VOO LIVRE MORRO DA PALHA,FVLP - FEDERAçãO DE VOO LIVRE DO PARANá,0.0,0.0,33.3,0.0,0.0,0.0,0.0,33.3
117,135,MARCO ANTONIO SANTOS PRADO,M,BRA,Ozone Zeno 2 - Azul,Woody Valley XR6,UP AUTOMARCAS,,GPC - GOIASES PARAPENTE CLUBE,FGVL - FEDERAÇÃO GOIANA DE VOO LIVRE,0.0,0.0,0.0,0.0,0.0,0.0,22.3,22.3
118,65524,LEDIO LAUDELINO PINHEIRO,M,BRA,Sol LT 2 - Azul/Branca,Advance Impress 3,LP sistemas de segurança,Coringas,APIR - ASSOCIAÇÃO DE PARAPENTE DE ITAJAÍ E REGIÃO,FCVL - FEDERAÇÃO CATARINENSE DE VOO LIVRE,0.0,0.0,14.5,0.0,0.0,0.0,0.0,14.5